{"b20646bd-d84e-496c-8e12-QjKbEMHSaBzf": {"id": "b20646bd-d84e-496c-8e12-QjKbEMHSaBzf", "fields": [{"value": "Mikhail", "field_name": "Name"}, {"value": "Odesa", "field_name": "City"}, {"value": "Python", "field_name": "Skill"}, {"value": 800, "field_name": "Rate"}, {"value": "+380619820692", "field_name": "Phone"}]}, "b20646bd-d84e-496c-8e12-GbjPaTAxPTya": {"id": "b20646bd-d84e-496c-8e12-GbjPaTAxPTya", "fields": [{"value": "Oleg", "field_name": "Name"}, {"value": "Warshaw", "field_name": "City"}, {"value": "Python", "field_name": "Skill"}, {"value": 1800, "field_name": "Rate"}, {"value": "+380654566695", "field_name": "Phone"}]}, "b20646bd-d84e-496c-8e12-DGfTzZhWhTyv": {"id": "b20646bd-d84e-496c-8e12-DGfTzZhWhTyv", "fields": [{"value": "Igor", "field_name": "Name"}, {"value": "New-York", "field_name": "City"}, {"value": "Python", "field_name": "Skill"}, {"value": 1400, "field_name": "Rate"}, {"value": "+380698445008", "field_name": "Phone"}]}, "b20646bd-d84e-496c-8e12-iGSEVLqmamaO": {"id": "b20646bd-d84e-496c-8e12-iGSEVLqmamaO", "fields": [{"value": "Mikhail", "field_name": "Name"}, {"value": "Lutsk", "field_name": "City"}, {"value": "Python", "field_name": "Skill"}, {"value": 800, "field_name": "Rate"}, {"value": "+380635273600", "field_name": "Phone"}]}, "b20646bd-d84e-496c-8e12-mjwYkoNteMGz": {"id": "b20646bd-d84e-496c-8e12-mjwYkoNteMGz", "fields": [{"value": "Oleg", "field_name": "Name"}, {"value": "Dnipro", "field_name": "City"}, {"value": "Python", "field_name": "Skill"}, {"value": 1700, "field_name": "Rate"}, {"value": "+380617523733", "field_name": "Phone"}]}, "b20646bd-d84e-496c-8e12-siGsTEMhLxQF": {"id": "b20646bd-d84e-496c-8e12-siGsTEMhLxQF", "fields": [{"value": "Genngiy", "field_name": "Name"}, {"value": "London", "field_name": "City"}, {"value": "Python", "field_name": "Skill"}, {"value": 800, "field_name": "Rate"}, {"value": "+380627080966", "field_name": "Phone"}]}, "b20646bd-d84e-496c-8e12-qfQmMUajwWJj": {"id": "b20646bd-d84e-496c-8e12-qfQmMUajwWJj", "fields": [{"value": "Vlad", "field_name": "Name"}, {"value": "Kharkiv", "field_name": "City"}, {"value": "Product", "field_name": "Skill"}, {"value": 1000, "field_name": "Rate"}, {"value": "+380609074198", "field_name": "Phone"}]}, "b20646bd-d84e-496c-8e12-otIHADIwkmeO": {"id": "b20646bd-d84e-496c-8e12-otIHADIwkmeO", "fields": [{"value": "Helen", "field_name": "Name"}, {"value": "Warshaw", "field_name": "City"}, {"value": "FrontEnd", "field_name": "Skill"}, {"value": 1600, "field_name": "Rate"}, {"value": "+380601695298", "field_name": "Phone"}]}, "b20646bd-d84e-496c-8e12-VxbHYCupkaRo": {"id": "b20646bd-d84e-496c-8e12-VxbHYCupkaRo", "fields": [{"value": "Max", "field_name": "Name"}, {"value": "Lviv", "field_name": "City"}, {"value": "Product", "field_name": "Skill"}, {"value": 1350, "field_name": "Rate"}, {"value": "+380603081940", "field_name": "Phone"}]}, "b20646bd-d84e-496c-8e12-tvRECWQipWCu": {"id": "b20646bd-d84e-496c-8e12-tvRECWQipWCu", "fields": [{"value": "Helen", "field_name": "Name"}, {"value": "Lviv", "field_name": "City"}, {"value": "QA", "field_name": "Skill"}, {"value": 1350, "field_name": "Rate"}, {"value": "+380697998664", "field_name": "Phone"}]}, "b20646bd-d84e-496c-8e12-UgCCvEQbQDbs": {"id": "b20646bd-d84e-496c-8e12-UgCCvEQbQDbs", "fields": [{"value": "Genngiy", "field_name": "Name"}, {"value": "Kyiv", "field_name": "City"}, {"value": "Python", "field_name": "Skill"}, {"value": 800, "field_name": "Rate"}, {"value": "+380665110143", "field_name": "Phone"}]}, "b20646bd-d84e-496c-8e12-zsODnkYrEDnI": {"id": "b20646bd-d84e-496c-8e12-zsODnkYrEDnI", "fields": [{"value": "Mikhail", "field_name": "Name"}, {"value": "Dnipro", "field_name": "City"}, {"value": "QA", "field_name": "Skill"}, {"value": 1700, "field_name": "Rate"}, {"value": "+380600444964", "field_name": "Phone"}]}, "b20646bd-d84e-496c-8e12-nnzDPurfklLs": {"id": "b20646bd-d84e-496c-8e12-nnzDPurfklLs", "fields": [{"value": "Vlad", "field_name": "Name"}, {"value": "Lutsk", "field_name": "City"}, {"value": "Python", "field_name": "Skill"}, {"value": 1350, "field_name": "Rate"}, {"value": "+380666099995", "field_name": "Phone"}]}, "b20646bd-d84e-496c-8e12-XjenIOvlGkvo": {"id": "b20646bd-d84e-496c-8e12-XjenIOvlGkvo", "fields": [{"value": "Olga", "field_name": "Name"}, {"value": "Odesa", "field_name": "City"}, {"value": "QA", "field_name": "Skill"}, {"value": 800, "field_name": "Rate"}, {"value": "+380637930685", "field_name": "Phone"}]}, "b20646bd-d84e-496c-8e12-cPDHHvgrwYje": {"id": "b20646bd-d84e-496c-8e12-cPDHHvgrwYje", "fields": [{"value": "Genngiy", "field_name": "Name"}, {"value": "Kharkiv", "field_name": "City"}, {"value": "FrontEnd", "field_name": "Skill"}, {"value": 1000, "field_name": "Rate"}, {"value": "+380671018337", "field_name": "Phone"}]}, "b20646bd-d84e-496c-8e12-iPbhhFKGYpxZ": {"id": "b20646bd-d84e-496c-8e12-iPbhhFKGYpxZ", "fields": [{"value": "Olga", "field_name": "Name"}, {"value": "Kharkiv", "field_name": "City"}, {"value": "Python", "field_name": "Skill"}, {"value": 800, "field_name": "Rate"}, {"value": "+380665681393", "field_name": "Phone"}]}, "b20646bd-d84e-496c-8e12-ofhLLkpgRJmh": {"id": "b20646bd-d84e-496c-8e12-ofhLLkpgRJmh", "fields": [{"value": "Olga", "field_name": "Name"}, {"value": "Kyiv", "field_name": "City"}, {"value": "Python", "field_name": "Skill"}, {"value": 800, "field_name": "Rate"}, {"value": "+380651296467", "field_name": "Phone"}]}, "b20646bd-d84e-496c-8e12-bCOcSwyXrGiE": {"id": "b20646bd-d84e-496c-8e12-bCOcSwyXrGiE", "fields": [{"value": "Mikhail", "field_name": "Name"}, {"value": "Lutsk", "field_name": "City"}, {"value": "Product", "field_name": "Skill"}, {"value": 1400, "field_name": "Rate"}, {"value": "+380601931260", "field_name": "Phone"}]}, "b20646bd-d84e-496c-8e12-lhQdHaMlAlUe": {"id": "b20646bd-d84e-496c-8e12-lhQdHaMlAlUe", "fields": [{"value": "Olga", "field_name": "Name"}, {"value": "Warshaw", "field_name": "City"}, {"value": "Python", "field_name": "Skill"}, {"value": 1250, "field_name": "Rate"}, {"value": "+380619528040", "field_name": "Phone"}]}, "b20646bd-d84e-496c-8e12-FrPzZncICYpB": {"id": "b20646bd-d84e-496c-8e12-FrPzZncICYpB", "fields": [{"value": "Igor", "field_name": "Name"}, {"value": "Kyiv", "field_name": "City"}, {"value": "Product", "field_name": "Skill"}, {"value": 1800, "field_name": "Rate"}, {"value": "+380613495961", "field_name": "Phone"}]}, "b20646bd-d84e-496c-8e12-RYARgMkDlyZr": {"id": "b20646bd-d84e-496c-8e12-RYARgMkDlyZr", "fields": [{"value": "Igor", "field_name": "Name"}, {"value": "Poltava", "field_name": "City"}, {"value": "Python", "field_name": "Skill"}, {"value": 800, "field_name": "Rate"}, {"value": "+380606787354", "field_name": "Phone"}]}, "b20646bd-d84e-496c-8e12-CwLPNmXGbIpO": {"id": "b20646bd-d84e-496c-8e12-CwLPNmXGbIpO", "fields": [{"value": "Olga", "field_name": "Name"}, {"value": "Warshaw", "field_name": "City"}, {"value": "Python", "field_name": "Skill"}, {"value": 1000, "field_name": "Rate"}, {"value": "+380607760885", "field_name": "Phone"}]}, "b20646bd-d84e-496c-8e12-ThdXBkrVHsCf": {"id": "b20646bd-d84e-496c-8e12-ThdXBkrVHsCf", "fields": [{"value": "Ivan", "field_name": "Name"}, {"value": "London", "field_name": "City"}, {"value": "FrontEnd", "field_name": "Skill"}, {"value": 1600, "field_name": "Rate"}, {"value": "+380635959388", "field_name": "Phone"}]}, "b20646bd-d84e-496c-8e12-XYtqxLEmdMOY": {"id": "b20646bd-d84e-496c-8e12-XYtqxLEmdMOY", "fields": [{"value": "Vlad", "field_name": "Name"}, {"value": "New-York", "field_name": "City"}, {"value": "Python", "field_name": "Skill"}, {"value": 1250, "field_name": "Rate"}, {"value": "+380663944800", "field_name": "Phone"}]}, "b20646bd-d84e-496c-8e12-dvNpAbUybkTA": {"id": "b20646bd-d84e-496c-8e12-dvNpAbUybkTA", "fields": [{"value": "Anton", "field_name": "Name"}, {"value": "Lviv", "field_name": "City"}, {"value": "QA", "field_name": "Skill"}, {"value": 1500, "field_name": "Rate"}, {"value": "+380608708819", "field_name": "Phone"}]}}